City,Country,Date,Latitude,Longitude,Temperature,Wind Speed,Cloudiness,Humidity
Ushuaia,AR,4/18/2018 17:00,-54.81,-68.31,55.4,18.34,75,81
Boca do Acre,BR,4/18/2018 18:24,-8.76,-67.39,83.89,2.93,44,76
Chokurdakh,RU,4/18/2018 18:24,70.62,147.9,8.65,2.93,76,72
Dikson,RU,4/18/2018 18:24,73.51,80.55,2.35,21.83,20,86
Barrow,AR,4/18/2018 18:24,-38.31,-60.23,68.95,5.06,0,65
Lata,IN,4/18/2018 18:24,30.78,78.62,47.89,2.71,0,68
Saldanha,PT,4/18/2018 18:24,41.42,-6.55,73.27,8.3,0,34
Port Alfred,ZA,4/18/2018 18:24,-33.59,26.89,69.31,12.66,12,93
Los Llanos de Aridane,ES,4/18/2018 18:00,28.66,-17.92,69.8,14.99,20,68
Castro,CL,4/18/2018 18:24,-42.48,-73.76,56.35,7.63,92,97
Padang,ID,4/18/2018 18:24,-0.92,100.36,79.12,4.38,80,100
Jamestown,AU,4/18/2018 18:24,-33.21,138.6,55.54,8.63,36,75
Rikitea,PF,4/18/2018 18:24,-23.12,-134.97,80.02,11.99,24,100
Puerto Ayora,EC,4/18/2018 18:00,-0.74,-90.35,82.4,17.22,20,69
Katsuura,JP,4/18/2018 18:24,33.93,134.5,47.35,1.14,0,83
Athabasca,CA,4/18/2018 18:22,54.72,-113.29,41.59,9.86,0,85
Trincomalee,LK,4/18/2018 18:24,8.58,81.23,79.12,4.72,76,88
Ballina,IE,4/18/2018 17:30,54.11,-9.15,55.4,26.4,75,76
Bredasdorp,ZA,4/18/2018 18:00,-34.53,20.04,57.2,2.24,0,82
Busselton,AU,4/18/2018 18:24,-33.64,115.35,58.42,5.61,44,100
Iqaluit,CA,4/18/2018 18:00,63.75,-68.52,10.4,24.16,20,72
Mar del Plata,AR,4/18/2018 18:24,-46.43,-67.52,70.39,26.98,0,42
Petropavlovka,RU,4/18/2018 18:24,50.61,105.32,37.45,8.19,36,76
Lompoc,US,4/18/2018 17:56,34.64,-120.46,60.8,13.87,76,67
Bismarck,US,4/18/2018 17:52,46.81,-100.78,48.2,9.17,20,61
Vaini,IN,4/18/2018 18:24,15.34,74.49,76.51,3.6,56,79
Atuona,PF,4/18/2018 18:19,-9.8,-139.03,81.55,15.9,68,100
New Norfolk,AU,4/18/2018 18:00,-42.78,147.06,48.2,6.93,75,81
Ormara,PK,4/18/2018 18:24,25.21,64.64,80.11,12.77,12,88
Petropavlovsk-Kamchatskiy,RU,4/18/2018 17:00,53.05,158.65,30.2,6.71,8,80
Georgetown,GY,4/18/2018 17:00,6.8,-58.16,87.8,18.34,75,58
Skibbereen,IE,4/18/2018 17:30,51.55,-9.27,51.8,17.22,90,100
Alexandria,US,4/18/2018 18:15,31.31,-92.44,80.6,14.99,75,47
Khatanga,RU,4/18/2018 18:24,71.98,102.47,8.11,5.28,76,81
Poum,MK,4/18/2018 18:00,41.28,20.71,60.8,4.7,40,67
Salalah,OM,4/18/2018 16:50,17.01,54.1,84.2,2.24,0,70
Tasiilaq,GL,4/18/2018 17:50,65.61,-37.64,37.4,17.22,75,74
Butaritari,KI,4/18/2018 18:24,3.07,172.79,81.01,8.97,68,100
Nome,US,4/18/2018 17:55,30.04,-94.42,80.6,9.17,75,51
Port Blair,IN,4/18/2018 18:24,11.67,92.75,84.61,0.13,0,100
Hilo,US,4/18/2018 17:56,19.71,-155.08,73.4,3.36,20,83
Saquena,PE,4/18/2018 18:24,-4.67,-73.52,84.25,3.94,48,77
Hermanus,ZA,4/18/2018 18:24,-34.42,19.24,56.71,3.04,76,99
Kodiak,US,4/18/2018 16:53,39.95,-94.76,39.2,25.28,90,80
Mocuba,MZ,4/18/2018 18:24,-16.84,36.99,70.84,2.48,12,98
Aswan,EG,4/18/2018 17:00,24.09,32.9,96.8,8.05,0,7
Te Anau,NZ,4/18/2018 18:24,-45.41,167.72,45.91,10.76,92,91
Noumea,NC,4/18/2018 18:00,-22.28,166.46,68,3.36,0,82
Arraial do Cabo,BR,4/18/2018 18:00,-22.97,-42.02,82.4,6.93,40,54
Nikolskoye,RU,4/18/2018 17:30,59.7,30.79,42.8,11.18,0,81
Codrington,AU,4/18/2018 18:24,-28.95,153.24,59.86,3.15,8,93
Itoman,JP,4/18/2018 17:56,26.12,127.67,68,4.7,20,87
Ribeira Grande,PT,4/18/2018 18:00,38.52,-28.7,59,12.75,20,54
Yellowknife,CA,4/18/2018 18:00,62.45,-114.38,24.8,14.99,90,79
Reserva,BR,4/18/2018 18:24,-24.65,-50.85,75.97,2.93,0,59
Belmonte,PT,4/18/2018 18:24,40.36,-7.35,67.96,3.38,0,71
Nago,IT,4/18/2018 17:50,45.88,10.89,71.6,3.36,0,43
Paamiut,GL,4/18/2018 18:24,61.99,-49.67,31.6,19.82,76,100
Albany,US,4/18/2018 17:54,42.65,-73.75,44.6,13.87,90,52
Fortuna,ES,4/18/2018 18:00,38.18,-1.13,75.2,4.7,0,72
Vestmannaeyjar,IS,4/18/2018 17:10,63.44,-20.27,46.4,24.16,75,93
East London,ZA,4/18/2018 18:00,-33.02,27.91,64.4,16.11,0,88
Punta Arenas,CL,4/18/2018 17:00,-53.16,-70.91,51.8,14.99,40,71
Arlit,NE,4/18/2018 18:24,18.74,7.39,91.09,6.85,0,12
Oranjemund,ZA,4/18/2018 18:24,-28.55,16.43,62.74,3.15,24,99
Dhidhdhoo,MV,4/18/2018 18:23,6.88,73.1,85.51,8.41,24,100
Berdigestyakh,RU,4/18/2018 18:24,62.1,126.7,31.15,7.63,24,72
Mariinskiy Posad,RU,4/18/2018 17:30,56.12,47.72,44.6,6.71,40,56
Kano,NG,4/18/2018 18:00,11.99,8.53,98.6,8.05,20,17
College,US,4/18/2018 17:58,64.86,-147.8,37.4,8.05,1,34
Pontianak,ID,4/18/2018 18:24,-0.02,109.34,79.3,2.71,80,98
Hofn,IS,4/18/2018 18:00,64.25,-15.21,48.2,10.29,75,87
Qaanaaq,GL,4/18/2018 18:24,77.48,-69.36,-0.09,1.7,24,96
Kinkala,CG,4/18/2018 18:00,-4.35,14.75,86,6.93,40,66
Capoterra,IT,4/18/2018 17:55,39.18,8.97,68,5.82,20,88
Mataura,NZ,4/18/2018 18:24,-46.19,168.86,51.31,16.69,92,84
Bereda,ES,4/18/2018 18:00,43.27,-7.54,64.4,6.93,0,63
Hithadhoo,MV,4/18/2018 18:24,-0.6,73.08,77.86,8.63,92,100
Auki,NG,4/18/2018 18:24,12.18,6.51,92.62,5.06,44,23
Motala,SE,4/18/2018 17:50,58.54,15.04,59,16.11,0,66
Black River,JM,4/18/2018 18:00,18.03,-77.85,86,19.46,20,66
Mersing,MY,4/18/2018 18:23,2.43,103.84,80.74,7.74,80,91
Bathsheba,BB,4/18/2018 18:00,13.22,-59.52,82.4,18.34,40,74
Faanui,PF,4/18/2018 18:24,-16.48,-151.75,79.12,7.74,24,100
Sitka,US,4/18/2018 18:24,37.17,-99.65,64.09,22.84,0,22
Arkadelphia,US,4/18/2018 17:55,34.12,-93.05,78.8,11.41,1,26
Beira,ES,4/18/2018 18:00,43.2,-8.36,64.4,6.93,0,63
Thompson,CA,4/18/2018 18:00,55.74,-97.86,46.4,6.93,90,20
Cabrera,CO,4/18/2018 18:24,3.98,-74.48,64.18,1.92,56,84
Carnarvon,ZA,4/18/2018 18:24,-30.97,22.13,57.97,12.21,12,26
Iracoubo,GF,4/18/2018 18:24,5.48,-53.21,85.15,6.4,8,65
Abha,SA,4/18/2018 18:00,18.22,42.5,66.2,4.7,0,77
Muisne,EC,4/18/2018 18:24,0.61,-80.02,87.58,5.39,56,66
Abbeville,FR,4/18/2018 18:00,50.11,1.83,69.8,8.05,0,56
Alofi,NU,4/18/2018 18:00,-19.06,-169.92,77,12.75,92,78
Kantabanji,IN,4/18/2018 18:24,20.47,82.92,75.43,6.62,0,62
Tiksi,RU,4/18/2018 18:24,71.64,128.87,3.79,2.37,0,62
Port Macquarie,AU,4/18/2018 18:00,-31.43,152.91,59,3.6,92,100
Upernavik,GL,4/18/2018 18:24,72.79,-56.15,8.74,25.97,20,100
Hyeres,FR,4/18/2018 18:00,43.12,6.14,71.6,5.82,0,55
Nabire,ID,4/18/2018 18:24,-3.36,135.5,68.32,2.15,24,95
Geraldton,CA,4/18/2018 18:00,49.72,-86.95,39.2,17.22,20,29
Kapaa,US,4/18/2018 18:11,22.08,-159.32,75.2,14.99,40,83
Walvis Bay,NA,4/18/2018 18:00,-22.95,14.51,68,12.75,0,60
Tuktoyaktuk,CA,4/18/2018 18:00,69.44,-133.03,-7.61,8.05,20,76
Cape Town,ZA,4/18/2018 18:00,-33.93,18.42,53.6,6.93,0,93
Uruzgan,AF,4/18/2018 18:24,32.93,66.63,27.82,1.48,0,86
San Ramon,NI,4/18/2018 18:00,12.92,-85.84,78.8,18.34,40,50
Srandakan,ID,4/18/2018 18:24,-7.94,110.25,71.92,3.15,32,99
Lebu,ET,4/18/2018 18:24,8.96,38.73,56.53,3.6,80,88
Tuatapere,NZ,4/18/2018 18:23,-46.13,167.69,51.85,20.15,76,100
Nanortalik,GL,4/18/2018 18:24,60.14,-45.24,32.59,8.97,8,100
Victoria,BN,4/18/2018 18:00,5.28,115.24,77,1.12,75,100
Eureka,US,4/18/2018 17:55,40.8,-124.16,53.6,5.82,1,58
Saint-Philippe,CA,4/18/2018 18:00,45.36,-73.48,44.6,20.8,90,75
Kavaratti,IN,4/18/2018 18:24,10.57,72.64,85.6,7.18,80,100
Berlevag,NO,4/18/2018 17:50,70.86,29.09,32,5.82,75,100
Corrientes,AR,4/18/2018 17:00,-27.47,-58.83,87.8,6.93,20,55
Zaranj,AF,4/18/2018 17:00,30.95,61.86,66.2,21.92,40,32
Mahebourg,MU,4/18/2018 18:00,-20.41,57.7,78.8,9.17,75,88
San Carlos de Bariloche,AR,4/18/2018 17:00,-41.13,-71.31,59,19.46,20,51
Nantucket,US,4/18/2018 17:35,41.28,-70.1,48.2,21.92,1,45
Anadyr,RU,4/18/2018 17:00,64.73,177.51,32,15.66,90,87
Goderich,CA,4/18/2018 18:24,43.74,-81.71,35.74,10.98,32,96
Buala,SB,4/18/2018 18:24,-8.15,159.59,79.75,4.38,36,100
Kamenka,RU,4/18/2018 18:24,53.19,44.05,51.04,8.63,92,98
Sacramento,US,4/18/2018 17:58,38.58,-121.49,53.6,5.82,90,76
Yakima,US,4/18/2018 17:53,46.6,-120.51,53.6,4.7,1,40
Kupang,ID,4/18/2018 18:24,-10.16,123.6,80.56,4.72,0,95
Babstovo,RU,4/18/2018 18:24,48.12,132.48,40.06,2.15,32,71
Dauphin,CA,4/18/2018 18:00,51.15,-100.04,46.4,4.7,1,39
Pacific Grove,US,4/18/2018 17:55,36.62,-121.92,55.4,9.17,20,62
Bluff,AU,4/18/2018 18:24,-23.58,149.07,67.87,6.51,8,87
Great Yarmouth,GB,4/18/2018 17:50,52.61,1.73,66.2,9.17,0,52
Saint George,GR,4/18/2018 17:50,39.45,22.34,57.2,5.82,20,82
Scarborough,GB,4/18/2018 17:50,54.28,-0.41,71.6,9.17,0,56
Anshun,CN,4/18/2018 18:24,26.25,105.93,58.24,11.32,32,68
Araouane,ML,4/18/2018 18:24,18.9,-3.53,92.44,5.61,0,9
Sur,OM,4/18/2018 18:24,22.57,59.53,81.1,5.95,8,88
Alice Springs,AU,4/18/2018 18:00,-23.7,133.88,60.8,5.84,0,41
Lagoa,PT,4/18/2018 18:00,37.14,-8.45,69.8,8.05,0,52
Provideniya,RU,4/18/2018 18:24,64.42,-173.23,32.14,21.5,88,89
Ponta do Sol,BR,4/18/2018 18:24,-20.63,-46,78.04,6.4,0,47
Ostrov,RU,4/18/2018 17:00,57.34,28.36,44.6,11.18,48,87
Raudeberg,NO,4/18/2018 17:50,61.99,5.14,53.6,9.17,75,87
Nalut,LY,4/18/2018 18:24,31.86,10.98,63.37,14.79,0,58
Vostok,RU,4/18/2018 18:24,46.45,135.83,35.38,1.92,0,87
Nigde,TR,4/18/2018 18:24,37.97,34.68,46.45,0.92,0,62
Yulara,AU,4/18/2018 18:00,-25.24,130.99,75.2,5.82,36,31
Taltal,CL,4/18/2018 18:24,-25.41,-70.49,69.49,3.6,0,77
Roseburg,US,4/18/2018 17:56,43.22,-123.34,48.2,4.7,40,81
Shebalino,RU,4/18/2018 18:24,51.29,85.68,23.41,2.48,88,85
Port Elizabeth,US,4/18/2018 17:56,39.31,-74.98,53.6,12.75,1,40
Ancud,CL,4/18/2018 18:24,-41.87,-73.83,55.99,9.19,92,99
Karratha,AU,4/18/2018 18:24,-20.74,116.85,72.55,9.42,0,59
Hasaki,JP,4/18/2018 17:30,35.73,140.83,46.4,8.63,20,100
Husavik,CA,4/18/2018 18:24,50.56,-96.99,41.95,4.05,36,71
Aykhal,RU,4/18/2018 18:24,65.95,111.51,21.07,8.19,80,81
Matagami,NG,4/18/2018 18:25,9.67,8.4,79.75,3.38,36,67
Vao,EE,4/18/2018 18:25,59.1,26.19,48.79,9.64,92,70
Nelson Bay,AU,4/18/2018 18:00,-32.72,152.14,60.8,5.82,56,87
Egvekinot,RU,4/18/2018 18:25,66.32,-179.17,22.24,3.49,48,87
San Policarpo,PH,4/18/2018 18:25,12.18,125.51,78.67,4.83,80,100
Souillac,FR,4/18/2018 18:00,45.6,-0.6,78.8,3.36,0,34
Ponta Delgada,PT,4/18/2018 18:00,37.73,-25.67,57.2,17.22,20,58
Panjakent,UZ,4/18/2018 17:30,39.5,67.61,44.6,4.7,40,65
Mweka,CD,4/18/2018 18:25,-4.85,21.56,80.47,3.6,48,76
Cherskiy,RU,4/18/2018 18:25,68.75,161.3,12.79,2.04,44,72
Tautira,PF,4/18/2018 18:00,-17.73,-149.15,82.4,3.36,75,69
Kamogawa,JP,4/18/2018 17:30,35.13,140.08,53.6,4.7,40,87
Chauk,MM,4/18/2018 18:25,20.89,94.82,70.03,1.48,0,97
Cabo San Lucas,MX,4/18/2018 17:47,22.89,-109.91,84.2,11.41,5,18
Masuguru,MZ,4/18/2018 18:25,-11.38,38.46,80.65,6.73,68,70
Sisimiut,GL,4/18/2018 18:25,66.94,-53.67,22.6,1.59,68,88
Kaeo,NZ,4/18/2018 18:25,-35.1,173.78,53.38,4.05,68,77
Taitung,TW,4/18/2018 18:25,22.76,121.15,66.52,8.63,56,100
Isangel,VU,4/18/2018 18:25,-19.55,169.27,77.95,19.71,56,100
Chatellerault,FR,4/18/2018 18:00,46.8,0.53,75.2,5.82,0,38
Huarmey,PE,4/18/2018 18:25,-10.07,-78.15,76.69,4.05,8,58
Tomatlan,MX,4/18/2018 18:25,19.93,-105.25,86.59,3.83,0,55
Magadan,RU,4/18/2018 17:00,59.56,150.8,1.4,3.38,24,91
Bambous Virieux,MU,4/18/2018 18:00,-20.34,57.76,78.8,9.17,75,88
Hobart,AU,4/18/2018 18:00,-42.88,147.33,48.2,6.93,75,81
North Platte,US,4/18/2018 17:53,41.12,-100.77,50,26.4,90,58
Kandrian,PG,4/18/2018 18:25,-6.21,149.55,74.44,2.71,20,100
Saskylakh,RU,4/18/2018 18:25,71.97,114.09,-2.07,3.83,0,59
Artyom,RU,4/18/2018 17:30,43.36,132.19,41,4.94,40,100
Severo-Kurilsk,RU,4/18/2018 18:25,50.68,156.12,27.46,8.08,24,100
Jiuquan,CN,4/18/2018 18:25,39.73,98.49,37,1.7,12,64
Lamesa,US,4/18/2018 17:55,32.74,-101.95,62.6,17.22,1,16
Bindura,ZW,4/18/2018 18:25,-17.3,31.33,65.62,1.25,92,82
Novosil,RU,4/18/2018 18:25,52.97,37.04,48.7,12.44,56,80
Roald,NO,4/18/2018 17:50,62.58,6.12,53.6,3.36,75,100
Aguimes,ES,4/18/2018 18:00,27.91,-15.45,73.4,26.4,20,43
Samarai,PG,4/18/2018 18:25,-10.62,150.67,76.15,6.62,88,100
Londrina,BR,4/18/2018 17:00,-23.31,-51.16,80.6,4.7,20,51
Cockburn Town,TC,4/18/2018 18:20,21.46,-71.14,80.11,15.12,0,95
Namibe,AO,4/18/2018 18:25,-15.19,12.15,78.94,7.74,0,98
Narok,KE,4/18/2018 18:25,-1.09,35.87,60.04,1.92,68,93
Maniitsoq,GL,4/18/2018 18:25,65.42,-52.9,31.42,7.29,68,100
Avarua,CK,4/18/2018 18:00,-21.21,-159.78,75.2,8.05,20,73
Chuy,UY,4/18/2018 18:25,-33.69,-53.46,80.74,11.54,36,76
Praia,BR,4/18/2018 17:00,-20.25,-43.81,77,13.87,40,47
Port Hedland,AU,4/18/2018 18:00,-20.31,118.58,73.4,9.17,0,69
Norman Wells,CA,4/18/2018 18:00,65.28,-126.83,14,18.34,75,56
Marystown,CA,4/18/2018 18:25,47.17,-55.16,42.94,8.41,80,94
Santa Marta,CO,4/18/2018 18:00,11.24,-74.21,91.4,9.17,75,59
Cidreira,BR,4/18/2018 18:25,-30.17,-50.22,80.92,0.69,0,69
Baie-Comeau,CA,4/18/2018 18:00,49.22,-68.15,37.4,14.99,90,80
Suez,EG,4/18/2018 18:25,29.97,32.54,77.32,5.5,0,28
Banda Aceh,ID,4/18/2018 18:25,5.56,95.32,76.24,3.04,32,96
Shelburne,CA,4/18/2018 18:00,44.08,-80.2,37.4,6.93,90,69
Sorong,ID,4/18/2018 18:25,-0.86,131.25,82.09,2.04,8,100
Bonavista,CA,4/18/2018 18:25,48.65,-53.11,36.73,24.07,88,88
North Bend,US,4/18/2018 17:56,43.41,-124.22,51.8,4.7,1,71
Bubaque,GW,4/18/2018 18:00,11.28,-15.83,89.6,11.41,0,49
Esperance,TT,4/18/2018 18:00,10.24,-61.45,86,18.34,75,66
Balgazyn,RU,4/18/2018 18:25,51,95.2,32.59,3.15,92,100
Susanville,US,4/18/2018 17:55,40.42,-120.65,44.6,3.36,75,43
Pevek,RU,4/18/2018 18:25,69.7,170.27,15.67,1.7,8,58
Makueni,KE,4/18/2018 18:25,-1.8,37.62,68.14,2.26,80,93
Nagato,JP,4/18/2018 17:00,34.35,131.14,55.4,1.12,20,71
Qatana,SY,4/18/2018 18:00,33.43,36.09,77,6.93,0,13
Teguldet,RU,4/18/2018 18:25,57.31,88.17,13.51,4.38,20,70
Tezu,IN,4/18/2018 18:25,27.93,96.16,60.76,0.69,64,95
Deer Lake,CA,4/18/2018 18:00,49.18,-57.43,37.4,11.41,90,86
Lagos,NG,4/18/2018 18:00,6.46,3.39,84.2,4.7,40,79
Kahului,US,4/18/2018 17:56,20.89,-156.47,75.2,8.05,20,73
Lazaro Cardenas,MX,4/18/2018 17:43,28.39,-105.62,78.8,16.11,40,9
Chicama,PE,4/18/2018 18:00,-7.84,-79.15,66.2,10.29,40,88
Foumban,CM,4/18/2018 18:25,5.73,10.9,72.19,2.37,88,83
Sohag,EG,4/18/2018 18:25,26.55,31.7,80.56,5.73,0,24
Longyearbyen,NO,4/18/2018 17:50,78.22,15.63,12.2,4.7,20,61
Yarada,IN,4/18/2018 18:25,17.65,83.27,85.06,17.25,80,99
Cabedelo,BR,4/18/2018 18:00,-6.97,-34.84,84.2,13.87,40,66
Jumla,NP,4/18/2018 18:25,29.28,82.18,29.71,2.37,0,76
Genhe,CN,4/18/2018 18:25,50.78,121.52,32.5,4.38,0,77
Sjovegan,NO,4/18/2018 17:50,68.87,17.85,44.6,10.29,0,65
Erenhot,CN,4/18/2018 18:25,43.65,111.97,42.22,6.73,36,51
Tommot,RU,4/18/2018 18:25,58.97,126.27,30.61,6.62,8,63
Lavrentiya,RU,4/18/2018 18:25,65.58,-170.99,29.98,20.71,76,95
Baraboo,US,4/18/2018 18:02,43.47,-89.74,33.8,12.75,90,84
Llangefni,GB,4/18/2018 17:50,53.26,-4.31,60.8,11.41,0,67
Hami,CN,4/18/2018 18:25,42.84,93.51,58.51,2.82,56,50
Zirandaro,MX,4/18/2018 18:25,18.45,-100.98,93.43,3.27,0,24
San Quintin,PH,4/18/2018 18:00,17.54,120.52,80.6,4.7,20,74
Kavieng,PG,4/18/2018 18:25,-2.57,150.8,80.38,3.6,88,100
Raton,US,4/18/2018 17:54,36.9,-104.44,51.8,3.36,1,11
Caravelas,BR,4/18/2018 18:25,-17.73,-39.27,79.3,17.47,76,100
Richards Bay,ZA,4/18/2018 18:25,-28.77,32.06,75.25,7.63,0,68
Roxana,US,4/18/2018 18:15,38.85,-90.08,73.4,31.09,40,52
Rio Gallegos,AR,4/18/2018 17:00,-51.62,-69.22,62.6,24.16,75,48
Havre-Saint-Pierre,CA,4/18/2018 18:13,50.23,-63.6,33.8,14.99,90,100
Lisakovsk,KZ,4/18/2018 18:25,52.55,62.49,32.59,4.94,0,70
Pangnirtung,CA,4/18/2018 18:00,66.15,-65.72,12.2,8.05,40,85
Antofagasta,CL,4/18/2018 17:00,-23.65,-70.4,66.2,13.87,0,63
Shingu,JP,4/18/2018 18:25,33.72,135.99,57.79,4.38,64,100
Vestmanna,FO,4/18/2018 17:50,62.16,-7.17,48.2,14.99,88,93
Grindavik,IS,4/18/2018 17:30,63.84,-22.43,50,24.16,75,87
Boa Vista,BR,4/18/2018 18:00,2.82,-60.67,91.4,13.87,40,46
Ankazoabo,MG,4/18/2018 18:25,-22.29,44.51,68.23,3.15,44,82
Rochester,US,4/18/2018 17:50,44.02,-92.46,35.6,8.05,90,100
Mayumba,GA,4/18/2018 18:25,-3.44,10.65,82.27,11.99,64,94
Patzicia,GT,4/18/2018 18:00,14.63,-90.93,80.6,3.36,75,47
Muzhi,RU,4/18/2018 18:25,65.4,64.7,27.19,16.69,64,77
Maragogi,BR,4/18/2018 18:25,-9.01,-35.22,79.57,9.75,92,91
Narsaq,GL,4/18/2018 17:50,60.91,-46.05,42.8,9.17,20,60
Saint-Ambroise,FR,4/18/2018 18:00,47.25,-0.65,75.2,6.93,0,31
Clyde River,CA,4/18/2018 17:00,70.47,-68.59,3.2,4.7,1,77
Khanpur,PK,4/18/2018 18:25,28.65,70.66,76.96,5.95,12,35
Eyrarbakki,IS,4/18/2018 17:10,63.86,-21.15,50,21.92,75,66
Northam,GB,4/18/2018 17:50,51.04,-4.21,64.4,19.46,0,63
Kaitangata,NZ,4/18/2018 18:25,-46.28,169.85,51.94,23.73,44,73
Whitehorse,CA,4/18/2018 18:00,60.72,-135.06,28.4,11.41,75,50
Tselinnoye,UA,4/18/2018 18:25,45.9,34.18,59.14,11.54,68,71
Kathmandu,NP,4/18/2018 17:50,27.71,85.32,64.4,2.24,75,88
Havoysund,NO,4/18/2018 17:50,71,24.66,35.6,12.75,75,80
Maputo,MZ,4/18/2018 18:00,-25.97,32.57,75.2,9.17,20,78
Meulaboh,ID,4/18/2018 18:25,4.14,96.13,78.31,3.49,68,100
Neuquen,AR,4/18/2018 17:00,-38.95,-68.06,69.8,6.93,0,31
Itarema,BR,4/18/2018 18:25,-2.92,-39.92,82.54,12.44,80,89
Dangriga,BZ,4/18/2018 18:00,16.97,-88.23,84.2,11.41,75,74
Aljezur,PT,4/18/2018 18:25,37.31,-8.8,66.25,9.64,0,74
Fauske,NO,4/18/2018 17:50,67.26,15.4,42.8,17.22,75,93
Rodeo,MX,4/18/2018 18:25,25.18,-104.56,80.29,5.17,0,15
Mackenzie,CA,4/18/2018 18:00,55.34,-123.09,41,8.05,90,48
Tanout,NE,4/18/2018 18:25,14.97,8.88,92.71,3.6,0,14
Gorin,US,4/18/2018 18:15,40.36,-92.02,41,9.17,90,54
Atar,MR,4/18/2018 18:25,20.52,-13.05,93.61,6.62,0,12
Amazar,RU,4/18/2018 18:25,53.86,120.88,35.65,5.17,0,69
Saryozek,KZ,4/18/2018 18:25,44.36,77.98,37.81,1.7,92,93
Rio Grande,BR,4/18/2018 18:00,-32.03,-52.1,82.4,8.05,40,58
Nioro,GM,4/18/2018 18:25,13.79,-15.05,101.17,6.96,0,22
Sao Jose da Coroa Grande,BR,4/18/2018 18:25,-8.9,-35.15,79.57,9.75,92,91
Klaksvik,FO,4/18/2018 17:50,62.23,-6.59,48.2,14.99,92,93
Port Hardy,CA,4/18/2018 18:00,50.7,-127.42,48.2,10.29,75,70
Espanola,CA,4/18/2018 18:25,46.27,-81.77,39.34,7.96,48,54
Nocrich,RO,4/18/2018 18:00,45.9,24.45,59,6.93,75,82
Kieta,PG,4/18/2018 18:25,-6.22,155.63,76.42,3.6,92,100
Chebsara,RU,4/18/2018 18:25,59.2,38.84,46.81,7.52,0,74
Kloulklubed,PW,4/18/2018 17:51,7.04,134.26,78.8,7.18,90,100
Ust-Omchug,RU,4/18/2018 18:25,61.13,149.63,-0.27,2.37,0,59
Udachnyy,RU,4/18/2018 18:25,66.42,112.4,27.55,3.6,88,84
Kruisfontein,ZA,4/18/2018 18:25,-34,24.73,64.09,19.82,100,90
Sterling,US,4/18/2018 17:57,39,-77.4,59,6.93,20,43
Baruun-Urt,MN,4/18/2018 18:25,46.68,113.28,36.19,6.4,0,52
Susehri,TR,4/18/2018 18:23,40.16,38.09,43.39,2.26,0,86
Comodoro Rivadavia,AR,4/18/2018 17:00,-45.87,-67.48,73.4,23.04,0,40
Zaysan,KZ,4/18/2018 18:25,47.47,84.87,34.12,7.96,68,88
Gamba,CN,4/18/2018 18:25,28.28,88.52,10.09,3.27,0,67
Puerto Plata,DO,4/18/2018 18:00,19.79,-70.69,87.8,17.22,40,70
Lakatoro,VU,4/18/2018 18:25,-16.11,167.42,77.77,8.97,20,94
Axim,GH,4/18/2018 18:22,4.87,-2.24,83.35,15.01,8,97
Lafia,NG,4/18/2018 18:25,8.5,8.51,84.79,4.16,24,63
Vila Franca do Campo,PT,4/18/2018 18:00,37.72,-25.43,57.2,17.22,20,58
Plouzane,FR,4/18/2018 18:00,48.38,-4.62,75.2,14.99,0,37
Mporokoso,ZM,4/18/2018 18:23,-9.37,30.12,64.45,5.06,36,93
Ambilobe,MG,4/18/2018 18:25,-13.19,49.05,75.25,4.38,8,76
Englewood,US,4/18/2018 18:00,39.65,-104.99,55.4,11.41,20,16
Ilulissat,GL,4/18/2018 17:50,69.22,-51.1,24.8,10.29,75,68
Faya,SA,4/18/2018 18:00,18.39,42.45,66.2,4.7,0,77
Salinopolis,BR,4/18/2018 18:25,-0.61,-47.36,76.6,11.77,100,100
Porto Novo,BR,4/18/2018 18:00,-23.68,-45.44,78.8,3.36,20,36
Bilma,NE,4/18/2018 18:25,18.69,12.92,90.64,7.18,36,10
Ayr,GB,4/18/2018 17:50,55.46,-4.63,62.6,8.05,20,67
Abeche,TD,4/18/2018 18:25,13.83,20.83,82.45,8.97,0,12
Zheshart,RU,4/18/2018 18:25,62.09,49.59,32.32,5.73,0,81
Halifax,CA,4/18/2018 18:00,44.65,-63.58,42.8,12.75,75,81
Bandarbeyla,SO,4/18/2018 18:25,9.49,50.81,83.62,2.93,36,100
Dingle,PH,4/18/2018 18:25,11,122.67,78.67,10.76,32,81
Puerto Cabello,VE,4/18/2018 18:00,10.47,-68.01,80.6,3.36,75,69
Naze,NG,4/18/2018 18:00,5.43,7.07,75.2,8.97,75,94
Bosobolo,CD,4/18/2018 18:26,4.19,19.88,80.83,5.61,24,63
Sao Filipe,CV,4/18/2018 18:26,14.9,-24.5,72.19,17.69,0,94
Ketchikan,US,4/18/2018 17:56,55.34,-131.65,46.4,13.87,90,87
Troitsko-Pechorsk,RU,4/18/2018 18:26,62.71,56.19,35.02,7.52,92,82
Nisia Floresta,BR,4/18/2018 18:00,-6.09,-35.21,87.8,14.99,20,58
Abnub,EG,4/18/2018 17:00,27.27,31.15,93.2,8.05,0,17
Punta Alta,AR,4/18/2018 18:00,-27.46,-55.82,87.8,9.17,40,48
Gikongoro,RW,4/18/2018 18:26,-2.46,29.57,59.41,1.92,12,88
Takoradi,GH,4/18/2018 18:26,4.89,-1.75,83.44,11.77,8,96
Gairatganj,IN,4/18/2018 18:26,23.42,78.24,77.05,8.41,0,22
Harwich,US,4/18/2018 18:15,41.69,-70.08,53.6,19.46,1,43
Gigmoto,PH,4/18/2018 18:26,13.78,124.39,76.87,7.07,0,100
Togur,RU,4/18/2018 18:26,58.36,82.83,6.85,1.92,8,79
Shakawe,BW,4/18/2018 18:26,-18.36,21.84,74.98,5.5,0,39
El Campo,US,4/18/2018 17:55,29.2,-96.27,78.8,8.05,1,50
Bagdarin,RU,4/18/2018 18:26,54.44,113.59,22.15,10.42,0,35
Torbay,CA,4/18/2018 18:00,47.66,-52.73,46.4,26.4,90,100
Guerrero Negro,MX,4/18/2018 18:26,27.97,-114.04,70.12,4.83,0,57
Grand Bank,CA,4/18/2018 18:00,47.1,-55.77,42.8,13.87,40,75
Rosetta,EG,4/18/2018 17:00,31.4,30.42,68,11.41,40,77
Winnemucca,US,4/18/2018 17:56,40.97,-117.74,51.8,5.82,1,29
Manokwari,ID,4/18/2018 18:26,-0.87,134.08,81.73,6.17,56,100
Mantua,IT,4/18/2018 17:55,45.16,10.79,71.6,3.36,0,43
Nouadhibou,MR,4/18/2018 18:00,20.93,-17.03,69.8,13.87,20,73
Jiazi,CN,4/18/2018 17:00,19.61,110.49,71.6,6.71,90,100
Leeton,AU,4/18/2018 18:26,-34.55,146.4,62.11,9.42,68,68
Dennery,LC,4/18/2018 18:00,13.9,-60.89,86,13.87,75,66
Kampene,CD,4/18/2018 18:26,-3.59,26.67,77.59,2.48,0,72
Katangli,RU,4/18/2018 18:26,51.71,143.23,29.35,4.05,12,92
Wufeng,TW,4/18/2018 17:30,24.63,121.12,68,4.7,20,88
Vani,GE,4/18/2018 17:30,42.09,42.51,57.2,8.05,40,76
Marathon,CA,4/18/2018 18:00,48.72,-86.38,39.2,13.87,20,27
Natchez,US,4/18/2018 17:23,31.56,-91.4,75.2,10.29,75,64
Warkworth,NZ,4/18/2018 18:00,-36.4,174.66,55.4,3.36,76,76
Oskarshamn,SE,4/18/2018 17:50,57.26,16.44,62.6,12.75,0,55
Marawi,PH,4/18/2018 18:26,8,124.29,66.79,2.15,36,99
Nanakuli,US,4/18/2018 17:57,21.39,-158.15,77,6.93,40,83
Dunga Bunga,PK,4/18/2018 18:26,29.75,73.24,75.52,2.93,0,52
Vilyuysk,RU,4/18/2018 18:26,63.75,121.63,31.6,8.41,88,90
Bela Vista,BR,4/18/2018 18:26,-22.11,-56.53,81.28,13.78,68,67
Aztec,US,4/18/2018 17:53,36.82,-107.99,48.2,4.61,1,15
Mount Airy,US,4/18/2018 18:15,39.38,-77.15,57.2,4.7,1,43
Muros,ES,4/18/2018 18:00,42.77,-9.06,64.4,11.41,0,45
Vila Velha,BR,4/18/2018 18:00,-3.71,-38.6,86,14.99,20,62
Brigham City,US,4/18/2018 17:58,41.51,-112.02,51.8,3.38,1,26
Cap-aux-Meules,CA,4/18/2018 18:00,47.38,-61.86,37.4,11.41,75,93
Yar-Sale,RU,4/18/2018 18:26,66.83,70.83,25.57,25.75,80,89
Maracaibo,CO,4/18/2018 18:00,3.41,-75.78,84.2,5.82,40,54
Yaring,TH,4/18/2018 18:26,6.87,101.37,78.49,4.16,56,80
Inirida,CO,4/18/2018 18:26,3.87,-67.92,72.91,3.6,92,98
Pisco,PE,4/18/2018 18:00,-13.71,-76.2,77,13.87,0,65
Coquimbo,CL,4/18/2018 17:00,-29.95,-71.34,57.2,9.17,90,87
Ahipara,NZ,4/18/2018 18:26,-35.17,173.16,59.5,8.63,80,89
Teluknaga,ID,4/18/2018 18:00,-6.1,106.64,80.6,3.36,20,88
Khorixas,NA,4/18/2018 18:26,-20.37,14.96,75.79,4.5,44,57
Kisesa,TZ,4/18/2018 17:00,-2.55,33.05,75.2,9.53,20,78
Conde,BR,4/18/2018 18:26,-11.81,-37.61,85.42,8.63,32,69
Sao Raimundo das Mangabeiras,BR,4/18/2018 18:26,-7.02,-45.48,94.24,13.44,68,35
Caxito,BR,4/18/2018 18:00,-22.65,-42.51,82.4,6.93,40,54
Kirakira,SB,4/18/2018 18:26,-10.46,161.92,79.03,13,88,100
Aklavik,CA,4/18/2018 18:00,68.22,-135.01,3.2,11.41,40,71
Zyryanka,RU,4/18/2018 18:26,65.73,150.89,6.22,2.15,20,72
Birao,CF,4/18/2018 18:26,10.3,22.78,81.37,7.07,0,14
Cap Malheureux,MU,4/18/2018 18:00,-19.98,57.61,78.8,9.17,75,88
Ulladulla,AU,4/18/2018 17:00,-35.36,150.48,50,4.7,8,100
Delta del Tigre,UY,4/18/2018 18:00,-34.76,-56.41,80.6,11.41,40,65
Mayo,CA,4/18/2018 18:00,63.59,-135.9,26.6,3.6,20,42
Safford,US,4/18/2018 17:51,32.83,-109.71,69.8,8.05,1,9
Laguna,MX,4/18/2018 17:46,27.52,-110.01,84.2,4.7,20,16
Toamasina,MG,4/18/2018 18:00,-18.17,49.38,75.2,6.93,75,88
Batagay-Alyta,RU,4/18/2018 18:26,67.8,130.41,13.87,2.82,32,84
Karmala,IN,4/18/2018 18:26,18.41,75.19,80.2,9.64,20,52
Kutum,SD,4/18/2018 18:26,14.2,24.66,73.63,9.75,0,11
Natal,BR,4/18/2018 17:00,-5.81,-35.21,87.8,16.11,40,58
Laurel,US,4/18/2018 17:53,45.67,-108.77,51.8,12.75,40,27
Pangody,RU,4/18/2018 18:26,65.85,74.49,19.81,24.07,80,87
Mahon,IE,4/18/2018 17:30,51.89,-8.4,51.8,17.22,90,100
Sambava,MG,4/18/2018 18:26,-14.27,50.17,80.02,19.26,48,100
Wates,ID,4/18/2018 18:26,-7.86,110.16,71.92,3.15,32,99
Salym,RU,4/18/2018 18:26,60.06,71.48,18.46,7.18,12,75
Atasu,KZ,4/18/2018 18:26,48.68,71.64,44.11,13.67,80,93
Isla Vista,US,4/18/2018 17:56,34.41,-119.86,62.6,8.05,1,63
Mirnyy,RU,4/18/2018 18:26,56.57,36.46,47.35,11.99,76,87
Port Lincoln,AU,4/18/2018 18:26,-34.72,135.86,61.21,1.81,0,93
Mount Gambier,AU,4/18/2018 18:22,-37.83,140.78,50.32,3.94,76,81
Iguape,BR,4/18/2018 18:26,-24.7,-47.56,78.58,10.76,0,86
Palmer,AU,4/18/2018 18:00,-34.85,139.16,59,8.05,0,72
Nyazepetrovsk,RU,4/18/2018 18:26,56.06,59.6,19.99,2.59,0,77
Dubbo,AU,4/18/2018 18:00,-32.25,148.6,62.6,10.29,90,72
Plettenberg Bay,ZA,4/18/2018 18:26,-34.05,23.37,60.04,20.04,92,99
Dukat,RS,4/18/2018 18:26,42.44,22.31,54.37,2.04,68,89
Terra Santa,BR,4/18/2018 18:26,-2.1,-56.49,82.99,3.15,36,94
Vanimo,PG,4/18/2018 18:26,-2.67,141.3,83.89,9.19,48,100
Ruwi,OM,4/18/2018 17:50,23.6,58.55,86,2.24,0,62
Luorong,CN,4/18/2018 18:26,24.41,109.6,59.23,2.48,76,88
Moron,VE,4/18/2018 18:00,10.49,-68.2,80.6,3.36,75,69
Poretskoye,RU,4/18/2018 18:26,55.2,46.33,47.53,8.3,92,89
Rincon,US,4/18/2018 17:56,32.3,-81.24,84.2,17.22,20,25
Necochea,AR,4/18/2018 18:26,-38.55,-58.74,66.52,5.39,0,82
Los Andes,CL,4/18/2018 17:00,-32.83,-70.6,75.2,5.82,0,40
Besikduzu,TR,4/18/2018 17:50,41.05,39.23,55.4,3.36,0,87
Severobaykalsk,RU,4/18/2018 18:26,55.65,109.32,13.42,2.82,8,67
Umm Bab,QA,4/18/2018 18:26,25.21,50.81,72.19,10.76,0,40
Airai,TL,4/18/2018 18:26,-8.93,125.41,67.69,1.36,20,82
Kalevala,FI,4/18/2018 18:26,64.12,29.58,35.11,3.6,12,88
Bogovina,RS,4/18/2018 18:00,43.9,21.94,59,14.99,40,87
Bogovarovo,RU,4/18/2018 18:26,58.98,47.02,33.85,6.17,0,81
Same,TL,4/18/2018 18:26,-9,125.65,67.69,1.36,20,82
Yuanping,CN,4/18/2018 18:26,38.72,112.71,47.08,3.71,0,59
Constitucion,MX,4/18/2018 17:43,23.99,-104.67,73.4,2.24,5,17
Mattru,SL,4/18/2018 18:26,7.62,-11.83,89.38,7.52,20,53
Merrill,US,4/18/2018 17:53,42.03,-121.6,46.4,9.17,75,45
Prince Rupert,CA,4/18/2018 18:04,54.32,-130.32,44.6,14.99,90,87
Pecos,US,4/18/2018 17:55,31.42,-103.49,71.6,4.7,1,12
Penzance,GB,4/18/2018 17:50,50.12,-5.53,62.6,17.22,0,63
Basco,US,4/18/2018 18:15,40.33,-91.2,46.4,9.17,90,66
Altos,BR,4/18/2018 18:00,-5.04,-42.46,91.4,5.82,75,55
Touros,BR,4/18/2018 18:26,-5.2,-35.46,85.96,15.23,8,70
Bergerac,FR,4/18/2018 18:00,44.85,0.49,77,6.93,0,38
Maues,BR,4/18/2018 18:26,-3.38,-57.72,84.79,2.93,32,79
Fort Nelson,CA,4/18/2018 18:00,58.81,-122.69,41,6.93,75,41
Dwarka,IN,4/18/2018 17:30,28.58,77.04,87.8,6.93,0,25
Kondinskoye,RU,4/18/2018 18:26,59.65,67.41,27.37,9.42,36,75
Arman,RU,4/18/2018 17:00,59.7,150.17,1.4,2.93,0,91
Marsh Harbour,BS,4/18/2018 18:26,26.54,-77.06,73.81,8.19,0,100
Chingirlau,KZ,4/18/2018 18:26,51.09,54.08,55.54,8.3,88,53
Yerbogachen,RU,4/18/2018 18:26,61.28,108.01,24.94,13.67,68,55
Peterhead,AU,4/18/2018 18:00,-34.83,138.5,59,8.05,0,72
Gramada,RS,4/18/2018 18:00,42.4,21.69,64.4,4.83,20,59
Kinsale,IE,4/18/2018 17:30,51.71,-8.52,51.8,17.22,90,100
Buchanan,LR,4/18/2018 18:00,5.88,-10.05,84.2,9.17,75,83
Westport,IE,4/18/2018 17:30,53.8,-9.52,55.4,26.4,75,76
Luderitz,NA,4/18/2018 18:26,-26.65,15.16,60.76,12.44,0,84
Bulungu,CD,4/18/2018 18:26,-4.54,18.6,81.19,6.96,0,72
Bilibino,RU,4/18/2018 18:26,68.06,166.44,12.88,2.15,32,68
San Patricio,PY,4/18/2018 18:26,-26.98,-56.83,86.05,4.61,12,63
Gimli,CA,4/18/2018 18:26,50.63,-96.99,41.95,4.05,36,71
Krasnyy Yar,RU,4/18/2018 18:26,50.7,44.73,57.7,17.25,92,74
Sawakin,SD,4/18/2018 17:00,19.1,37.33,84.2,6.93,0,48
Zhigansk,RU,4/18/2018 18:26,66.77,123.37,28.27,7.74,92,67
Cam Ranh,VN,4/18/2018 18:26,11.92,109.15,74.53,5.73,68,100
Nikolsk,RU,4/18/2018 18:26,59.53,45.45,31.51,4.72,0,88
Canutama,BR,4/18/2018 18:26,-6.53,-64.38,86.95,4.16,76,67
Araguari,BR,4/18/2018 18:00,-18.65,-48.19,73.4,8.05,75,60
Channel-Port aux Basques,CA,4/18/2018 18:26,47.57,-59.14,34.66,7.52,76,95
Rafaela,AR,4/18/2018 18:26,-31.25,-61.49,89.29,13.22,24,47
Seoul,KR,4/18/2018 17:58,37.57,126.98,46.4,3.36,20,86
Ayia Anna,CY,4/18/2018 18:00,34.94,33.48,69.8,2.24,0,52
Harper,US,4/18/2018 17:55,30.3,-99.24,77,14.99,1,22
Yumen,CN,4/18/2018 18:26,40.29,97.04,50.77,3.71,92,37
Doctor Arroyo,MX,4/18/2018 18:26,23.67,-100.18,82.36,5.28,0,28
Robertsport,LR,4/18/2018 18:26,6.75,-11.37,82.81,10.42,8,100
Mnogovershinnyy,RU,4/18/2018 18:26,53.94,139.92,19.63,2.04,0,74
Bratislava,SK,4/18/2018 18:00,48.15,17.11,66.2,9.17,0,45
Ankpa,NG,4/18/2018 18:26,7.37,7.63,86.32,5.28,20,65
Lubao,PH,4/18/2018 18:00,14.94,120.6,80.6,6.93,40,74
Constantine,DZ,4/18/2018 18:00,36.36,6.61,55.4,5.82,40,87
Amga,RU,4/18/2018 18:26,60.89,131.98,25.39,4.83,0,88
Nemuro,JP,4/18/2018 18:26,43.32,145.57,38.71,12.66,92,90
Morgan City,US,4/18/2018 17:56,29.7,-91.21,78.8,13.87,75,65
Kramat,ID,4/18/2018 18:26,-7.04,112.64,78.67,3.49,24,99
Wanning,AT,4/18/2018 17:50,48.64,13.53,68,2.24,0,42
Rawson,AR,4/18/2018 18:26,-43.3,-65.11,74.62,10.87,0,24
Maneromango,TZ,4/18/2018 17:00,-7.2,38.78,75.2,2.93,75,100
Kostomuksha,RU,4/18/2018 18:26,64.59,30.6,35.11,4.05,0,86
Hervey Bay,AU,4/18/2018 18:26,-25.3,152.85,74.35,9.53,56,100
Alibag,IN,4/18/2018 17:30,18.64,72.88,87.8,6.93,0,70
Caba,PH,4/18/2018 18:26,16.43,120.34,69.94,2.71,48,98
Kjollefjord,NO,4/18/2018 17:50,70.95,27.35,33.8,12.75,75,80
Gushikawa,JP,4/18/2018 17:56,26.35,127.87,68,4.7,20,87
Cabinda,AO,4/18/2018 18:26,-5.56,12.19,83.17,12.1,32,98
Haines Junction,CA,4/18/2018 18:26,60.75,-137.51,21.61,2.37,32,79
Chake Chake,TZ,4/18/2018 18:26,-5.25,39.77,78.94,15.01,92,100
Saint-Augustin,FR,4/18/2018 18:00,44.83,-0.61,78.8,11.41,0,36
Kungurtug,RU,4/18/2018 18:26,50.6,97.53,26.11,2.93,56,75
Sobolevo,RU,4/18/2018 18:26,54.43,31.9,47.98,19.15,92,92
Abu Dhabi,AE,4/18/2018 17:00,24.47,54.37,78.8,9.17,0,54
Ozernovskiy,RU,4/18/2018 18:26,51.5,156.52,30.25,7.4,88,92
Benjamin Aceval,PY,4/18/2018 18:00,-24.97,-57.57,87.8,9.17,20,52
Cocal,BR,4/18/2018 18:00,-3.47,-41.56,89.6,12.75,40,70
Sonqor,IR,4/18/2018 18:00,34.78,47.6,51.8,9.17,0,53
Serebryanyy Bor,RU,4/18/2018 18:26,56.8,124.8,28.99,6.51,56,62
Dunedin,NZ,4/18/2018 18:26,-45.87,170.5,51.04,12.77,64,63
Wewak,PG,4/18/2018 18:26,-3.55,143.63,75.97,2.15,68,98
Tatarsk,RU,4/18/2018 18:26,55.22,75.96,18.73,6.62,0,75
Botro,CI,4/18/2018 17:00,7.85,-5.31,91.4,4.7,75,55
Rurrenabaque,BO,4/18/2018 18:00,-14.44,-67.53,77,2.04,75,88
Prince Albert,CA,4/18/2018 18:00,53.2,-105.75,41,9.17,5,65
Tecoanapa,MX,4/18/2018 17:50,16.99,-99.26,86,4.7,5,62
Alanya,TR,4/18/2018 18:23,36.55,32,62.92,4.16,0,100
Soma,JP,4/18/2018 18:27,37.8,140.92,45.55,3.15,0,100
Flinders,AU,4/18/2018 17:00,-34.58,150.85,50,4.7,12,100
Tirumullaivasal,IN,4/18/2018 18:27,11.24,79.84,82.27,9.64,0,92
Waipawa,NZ,4/18/2018 18:27,-39.94,176.59,47.35,9.31,12,82
Silver City,US,4/18/2018 17:55,32.77,-108.28,68,5.82,1,11
Lorengau,PG,4/18/2018 18:27,-2.02,147.27,83.44,6.73,64,100
Prieska,ZA,4/18/2018 18:27,-29.67,22.74,60.85,5.5,8,92
Brae,GB,4/18/2018 17:50,60.4,-1.35,51.8,14.99,0,81
Ternate,PH,4/18/2018 18:00,14.29,120.72,80.6,8.05,40,74
Brunswick,DE,4/18/2018 17:50,52.26,10.53,73.4,1.12,0,37
Saint Anthony,US,4/18/2018 17:56,43.97,-111.68,44.6,9.17,1,35
Ekhabi,RU,4/18/2018 18:27,53.51,142.97,14.32,4.72,0,68
Macomer,IT,4/18/2018 17:50,40.26,8.77,64.4,9.17,0,77
Manado,ID,4/18/2018 18:00,1.49,124.85,77,2.24,40,94
Lae,PG,4/18/2018 18:27,-6.72,146.98,68.77,1.81,48,100
Agadez,NE,4/18/2018 18:00,16.97,7.99,102.2,4.7,0,15
Kailua,US,4/18/2018 17:57,21.39,-157.74,77,11.41,75,83
Panzhihua,CN,4/18/2018 18:27,26.59,101.72,60.31,2.26,68,68
Port Pirie,AU,4/18/2018 18:00,-33.18,138.01,57.2,8.05,20,76
San Cristobal,EC,4/18/2018 18:00,-0.39,-78.55,66.2,18.34,75,52
Grand Gaube,MU,4/18/2018 18:00,-20.01,57.66,78.8,9.17,75,88
Shimoda,JP,4/18/2018 17:38,34.7,138.93,59,5.82,75,82
Bowen,AU,4/18/2018 17:00,-20.01,148.25,68,6.93,20,100
Yangjiang,CN,4/18/2018 18:27,21.85,111.96,72.19,9.98,92,100
Wajima,JP,4/18/2018 18:27,37.4,136.9,42.94,4.05,0,87
Portland,US,4/18/2018 17:56,45.52,-122.67,51.8,6.93,90,70
Bethel,US,4/18/2018 17:53,60.79,-161.76,39.2,17.22,1,69
Szedres,HU,4/18/2018 18:27,46.47,18.68,60.13,6.06,0,68
Moose Factory,CA,4/18/2018 18:00,51.26,-80.61,30.2,20.8,20,63
Verkhoyansk,RU,4/18/2018 18:27,67.55,133.39,9.01,2.59,24,68
Pacifica,US,4/18/2018 18:00,37.61,-122.49,55.4,9.17,40,76
Mytishchi,RU,4/18/2018 17:30,55.91,37.73,44.6,11.18,90,100
Nyurba,RU,4/18/2018 18:27,63.29,118.35,27.55,6.96,32,72
Jhelum,PK,4/18/2018 18:27,32.94,73.72,62.47,10.31,48,80
Seymchan,RU,4/18/2018 18:27,62.93,152.39,-0.99,3.04,8,54
Beloha,MG,4/18/2018 18:27,-25.17,45.06,75.16,12.44,20,69
Castelfranco Emilia,IT,4/18/2018 17:55,44.59,11.05,69.8,5.82,0,48
Kulu,CD,4/18/2018 18:27,3.47,23.69,83.44,3.38,12,57
Kaele,CM,4/18/2018 17:00,10.11,14.45,91.4,5.82,0,41
Guhagar,IN,4/18/2018 18:27,17.48,73.19,82.27,7.96,8,94
Los Amates,GT,4/18/2018 18:27,15.26,-89.1,81.55,2.59,8,59
Tessalit,ML,4/18/2018 18:27,20.2,1.01,86.14,6.62,0,10
Tayoltita,MX,4/18/2018 18:27,24.11,-105.93,88.21,2.15,0,14
Novo Aripuana,BR,4/18/2018 18:27,-5.12,-60.38,83.62,3.15,44,80
Vila,IT,4/18/2018 17:55,45.18,8.4,75.2,6.93,0,46
La Ronge,CA,4/18/2018 18:00,55.1,-105.3,39.2,11.41,90,60
Wonthaggi,AU,4/18/2018 18:27,-38.6,145.59,50.23,2.59,68,94
Wexford,US,4/18/2018 17:56,40.63,-80.06,48.2,8.05,1,52
Quatre Cocos,MU,4/18/2018 18:00,-20.21,57.76,78.8,9.17,75,88
Lethem,GY,4/18/2018 18:27,3.38,-59.8,84.16,6.96,48,95
Zhob,PK,4/18/2018 18:27,31.34,69.45,54.19,6.96,0,36
Rundu,NA,4/18/2018 18:27,-17.91,19.77,72.64,4.94,0,41
Diofior,SN,4/18/2018 17:00,14.19,-16.66,98.6,4.7,0,25
Biak,ID,4/18/2018 18:27,-0.91,122.88,76.87,2.93,68,100
Novikovo,UA,4/18/2018 18:27,45.05,34.56,57.34,5.73,0,72
Caucaia,BR,4/18/2018 17:00,-3.73,-38.66,87.8,17.22,40,62
Almelo,NL,4/18/2018 17:55,52.36,6.66,75.2,6.93,90,46
Maraba,BR,4/18/2018 18:00,-5.35,-49.1,98.6,5.82,20,47
Laerdalsoyri,NO,4/18/2018 17:50,61.1,7.48,42.8,1.12,75,87
Eydhafushi,MV,4/18/2018 18:27,5.1,73.07,80.11,6.62,76,100
Swellendam,ZA,4/18/2018 18:00,-34.02,20.44,57.2,2.24,68,82
Sembakung,ID,4/18/2018 18:27,3.82,117.25,73.36,2.37,92,100
Castelo do Piaui,BR,4/18/2018 18:27,-5.32,-41.55,81.55,9.19,20,85
Straumen,NO,4/18/2018 17:50,63.87,11.3,48.2,4.7,90,93
Srednekolymsk,RU,4/18/2018 18:27,67.46,153.71,6.22,2.26,8,80
Ewo,CG,4/18/2018 18:27,-0.88,14.81,78.85,3.15,8,82
Marzuq,YE,4/18/2018 18:27,14.4,46.47,72.82,4.16,24,51
Riyadh,SA,4/18/2018 18:00,24.63,46.72,77,4.7,0,13
Pontes e Lacerda,BR,4/18/2018 18:27,-15.23,-59.33,73.54,4.16,88,100
Mecca,SA,4/18/2018 18:00,21.43,39.83,93.2,3.15,0,30
Maceio,BR,4/18/2018 18:00,-9.67,-35.74,82.4,12.75,40,61
Niamey,NE,4/18/2018 18:00,13.52,2.11,104,9.17,0,6
Stromness,CA,4/18/2018 18:00,42.87,-79.55,39.2,12.75,90,80
Ritchie,ZA,4/18/2018 18:00,-29.03,24.6,66.2,3.36,0,82
Umm Kaddadah,SD,4/18/2018 18:27,13.6,26.69,81.73,10.42,0,7
Dossor,KZ,4/18/2018 18:27,47.52,52.98,51.67,12.33,24,63
Puerto Ayacucho,CO,4/18/2018 18:00,5.66,-67.63,87.8,3.36,75,62
Bjorkelangen,NO,4/18/2018 18:27,59.88,11.57,37.81,2.71,8,90
Ravar,IR,4/18/2018 18:27,31.27,56.81,51.67,5.17,68,42
Kalemie,CD,4/18/2018 18:27,-5.95,29.2,75.97,9.98,12,100
Gap,FR,4/18/2018 18:27,44.56,6.08,62.92,2.26,0,38
Guane,CU,4/18/2018 18:27,22.2,-84.09,85.42,5.95,0,47
Cedar City,US,4/18/2018 17:53,37.68,-113.06,50,3.36,1,21
Merauke,ID,4/18/2018 18:27,-8.49,140.4,78.58,5.5,68,100
Holme,GB,4/18/2018 17:50,53.7,-2.31,69.8,8.05,0,52
Hovd,NO,4/18/2018 17:50,63.83,10.7,48.2,4.7,90,93
